<?xml version="1.0" encoding="UTF-8"?>
<project-private xmlns="http://www.netbeans.org/ns/project-private/1">
    <editor-bookmarks xmlns="http://www.netbeans.org/ns/editor-bookmarks/2" lastBookmarkId="0"/>
    <open-files xmlns="http://www.netbeans.org/ns/projectui-open-files/2">
        <group>
            <file>file:/D:/Project/CafeBilling_Management/src/cafebilling_management/Home.java</file>
            <file>file:/D:/Project/CafeBilling_Management/src/cafebilling_management/Login.java</file>
            <file>file:/D:/Project/CafeBilling_Management/src/cafebilling_management/Menu.java</file>
            <file>file:/D:/Project/CafeBilling_Management/src/cafebilling_management/AddNewProduct.java</file>
            <file>file:/D:/Project/CafeBilling_Management/src/cafebilling_management/SignUp.java</file>
            <file>file:/D:/Project/CafeBilling_Management/src/cafebilling_management/Delete.java</file>
            <file>file:/D:/Project/CafeBilling_Management/src/cafebilling_management/PlaceOrder.java</file>
            <file>file:/D:/Project/CafeBilling_Management/src/cafebilling_management/CafeBilling_Management.java</file>
            <file>file:/D:/Project/CafeBilling_Management/src/dao/UserDao.java</file>
            <file>file:/D:/Project/CafeBilling_Management/src/cafebilling_management/DefalutTableModel.java</file>
        </group>
    </open-files>
</project-private>
